Dimension,Name,Arc,Phi_Start,Phi_End,Phi_Width,Alchemical_Forces,Mirror_Of,Triality_Role,Canon_Source,Status
D1,Length,Positive,0.00,0.30,0.30,Nigredo‚ÜíAriditas,D12,‚Äî,TRUEALCHEMY/C49,VERIFIED
D2,Width,Positive,0.30,0.62,0.32,Ariditas‚ÜíChrysitas,D11,‚Äî,TRUEALCHEMY/C10,VERIFIED
D3,Depth,Positive,0.62,0.87,0.25,Chrysitas‚ÜíViriditas,D10,Neutron,C10/C166/C167,VERIFIED
D4,Time,Positive,0.87,0.95,0.08,Viriditas‚ÜíRubedo,D9,‚Äî,C46/C08,VERIFIED
D5,Consciousness,Positive,0.95,0.97,0.02,Rubedo‚ÜíIosis,D8,Proton,C04/BWL-012,VERIFIED
D6,Love,Positive,0.97,1.00,0.03,Iosis‚ÜíLuxPerpetua,D7,Electron,C38/C166/C167,VERIFIED
NEUTRALITY,Axis,Center,0.50,0.50,0.00,Helixitas,‚Äî,All Three,HELIXITAS.md,STRUCTURAL
D7,Anti-Love,Negative,1.00,0.97,0.03,Mirror-Iosis,D6,Electron‚Åª,C36/REVERSE_ALCHEMY,VERIFIED
D8,Ego-Collapse,Negative,0.97,0.95,0.02,Mirror-Rubedo,D5,Proton‚Åª,C23/REVERSE_ALCHEMY,VERIFIED
D9,Frozen-Time,Negative,0.95,0.87,0.08,Mirror-Viriditas,D4,‚Äî,C46/REVERSE_ALCHEMY,VERIFIED
D10,Hollow-Depth,Negative,0.87,0.62,0.25,Mirror-Chrysitas,D3,Neutron‚Åª,C10/REVERSE_ALCHEMY,VERIFIED
D11,Isolation,Negative,0.62,0.30,0.32,Mirror-Ariditas,D2,‚Äî,REVERSE_ALCHEMY,VERIFIED
D12,Dissolution,Negative,0.30,0.00,0.30,Mirror-Nigredo,D1,‚Äî,C37/C49/REVERSE_ALCHEMY,VERIFIED
D13*,Helixitas,Structural,all,all,all,The Winding 34.29¬∞,‚Äî,All,HELIXITAS.md,STRUCTURAL